id;name;location;phone;website
1;initiative;SMTP;138-016-6867 x374;embrace withdrawal heuristic
2;payment Agent Compatible;Avon Regional synthesizing;649.111.9609 x86608;Licensed e-markets
3;Awesome Re-contextualized Djibouti;navigate Specialist Tasty Granite Ball;(951) 778-3953;Dynamic
4;grey Niue Computer;Shoes Assistant;822.037.5750 x5381;open-source connect
5;navigating;Licensed Concrete Chips wireless;(631) 213-5066;Shoes
6;Money Market Account transmitting;Global Multi-lateral maroon;(620) 488-1819;Shoes
7;Personal Loan Account;Handcrafted withdrawal Fish;776-165-2261 x355;convergence CFA Franc BEAC
8;silver;Cheese;1-264-006-7782 x995;connect
9;synergize Orchestrator;Bedfordshire Fundamental;1-857-686-9974 x7108;Awesome Cotton Computer Cambridgeshire
10;Kids;Kids Cotton;(138) 114-2215 x7149;technologies generating
